Date,Unnamed: 0,compound,negative,neutral,positive,likes,retweets,Close
2021-01-01,0,0,0.0512112676056338,0.8657605633802817,0.0829999999999999,38.056338028169016,3.197183098591549,0.2374439984560012
2021-01-03,1,0,0.0348227848101265,0.8623164556962026,0.1028607594936708,79.27848101265823,7.025316455696203,0.2258480042219162
2021-01-05,2,0,0.0505185185185185,0.8366666666666667,0.1128271604938271,71.0246913580247,9.34567901234568,0.2267500013113021
2021-01-07,3,0,0.0426046511627907,0.8519302325581396,0.1054418604651162,39.58139534883721,3.302325581395349,0.3260020017623901
2021-01-09,4,0,0.0351917808219178,0.8733013698630137,0.0915342465753424,68.91780821917808,5.068493150684931,0.3269160091876983
2021-01-11,5,0,0.0455479452054794,0.8868356164383562,0.0676438356164383,48.57534246575342,5.1506849315068495,0.288904994726181
2021-01-13,6,0,0.0583214285714285,0.8482619047619048,0.0934761904761904,82.72619047619048,6.904761904761905,0.3055799901485443
2021-01-15,7,0,0.0656447368421052,0.8316184210526316,0.1028157894736842,34.39473684210526,4.039473684210527,0.2804059982299804
2021-01-17,8,0,0.0464285714285714,0.8479350649350649,0.1056623376623376,46.31168831168832,3.0779220779220777,0.2773840129375458
2021-01-19,9,0,0.0573648648648648,0.8203648648648649,0.1222702702702702,52.0945945945946,5.391891891891892,0.2943139970302582
2021-01-21,10,0,0.0375,0.8316666666666668,0.1308333333333333,51.76923076923077,6.448717948717949,0.2689459919929504
2021-01-23,11,0,0.0319529411764705,0.8667882352941177,0.1012941176470588,88.02352941176471,12.470588235294118,0.271820992231369
2021-01-25,12,1,0.0274499999999999,0.8593875000000001,0.11315,60.9875,7.0625,0.269089013338089
2021-01-27,13,0,0.0629875,0.8487375,0.0882625,66.7875,7.95,0.2519429922103882
2021-01-29,14,0,0.0604814814814814,0.8419876543209875,0.0975802469135802,143.90123456790124,23.34567901234568,0.2821879982948303
2021-01-31,15,0,0.045860465116279,0.855953488372093,0.0981860465116279,38.19767441860465,4.348837209302325,0.4923140108585357
2021-02-02,16,0,0.0369186046511627,0.8861976744186045,0.0768837209302325,66.96511627906976,10.988372093023257,0.369269996881485
2021-02-04,17,0,0.0508372093023255,0.8281279069767441,0.1210348837209302,107.31395348837208,13.918604651162791,0.4464490115642547
2021-02-06,18,0,0.0326162790697674,0.8741627906976744,0.0932325581395348,136.15116279069767,16.151162790697676,0.4390960037708282
2021-02-08,19,0,0.0288160919540229,0.8622068965517241,0.1089885057471264,84.55172413793103,10.39080459770115,0.4477019906044006
2021-02-10,20,0,0.036860465116279,0.863,0.1001511627906976,62.44186046511628,5.883720930232558,0.503445029258728
2021-02-12,21,0,0.0414651162790697,0.8757441860465115,0.0827790697674418,118.02325581395348,17.337209302325583,0.6085919737815857
2021-02-14,22,1,0.023287356321839,0.8781034482758621,0.0985977011494252,46.94252873563219,5.172413793103448,0.5941929817199707
2021-02-16,23,0,0.0565131578947368,0.8590000000000001,0.0844736842105263,26.73684210526316,1.947368421052632,0.5208460092544556
2021-02-18,24,0,0.041759493670886,0.8490253164556961,0.1092025316455696,39.49367088607595,4.075949367088608,0.5324329733848572
2021-02-20,25,0,0.0374024390243902,0.8592439024390244,0.1033658536585366,54.09756097560975,7.512195121951219,0.5175120234489441
2021-02-22,26,0,0.0775584415584415,0.8428181818181819,0.0796493506493506,61.81818181818182,6.688311688311688,0.571740984916687
2021-02-24,27,0,0.0483670886075949,0.857493670886076,0.094126582278481,15.430379746835444,1.2658227848101269,0.4718320071697235
2021-02-26,28,0,0.0379277108433734,0.8535180722891567,0.1085542168674698,16.843373493975903,1.783132530120482,0.4278999865055084
2021-02-28,29,0,0.040076923076923,0.859974358974359,0.0999358974358974,43.24358974358975,5.346153846153846,0.4149529933929443
2021-03-02,30,0,0.0319078947368421,0.88525,0.0828421052631579,86.60526315789474,11.828947368421051,0.4368369877338409
2021-03-04,31,0,0.0366162790697674,0.8771976744186047,0.0861511627906976,68.37209302325581,7.290697674418604,0.4866049885749817
2021-03-06,32,0,0.0414545454545454,0.864987012987013,0.0935454545454545,27.92207792207792,3.3376623376623376,0.4651060104370117
2021-03-08,33,0,0.0492705882352941,0.8456941176470588,0.105035294117647,58.50588235294118,8.8,0.47359699010849
2021-03-10,34,0,0.0403255813953488,0.8568837209302327,0.1027674418604651,38.23255813953488,5.313953488372093,0.4631659984588623
2021-03-12,35,0,0.0349374999999999,0.8834,0.081625,47.7375,4.5375,0.4411309957504272
2021-03-14,36,0,0.0609102564102564,0.8389743589743589,0.1000897435897436,61.32051282051282,5.217948717948718,0.442111998796463
2021-03-16,37,0,0.0426626506024096,0.8578795180722891,0.0994457831325301,87.86746987951807,17.132530120481928,0.4625999927520752
2021-03-18,38,0,0.026126582278481,0.8958227848101266,0.0780253164556962,63.48101265822785,5.455696202531645,0.4729189872741699
2021-03-20,39,0,0.0491494252873563,0.8289885057471265,0.1219080459770114,79.10344827586206,12.011494252873565,0.5269910097122192
2021-03-22,40,0,0.036465909090909,0.8767613636363637,0.0867840909090909,54.71590909090909,6.125,0.5499420166015625
2021-03-24,41,0,0.0651358024691358,0.8428641975308643,0.0920123456790123,71.12345679012346,6.271604938271605,0.4888370037078857
2021-03-26,42,0,0.027,0.8636024096385543,0.1094457831325301,52.566265060240966,10.698795180722891,0.5670549869537354
2021-03-28,43,0,0.03115,0.8666,0.10225,59.525,5.9125,0.5507559776306152
2021-03-30,44,0,0.0575822784810126,0.8523037974683544,0.090126582278481,56.53164556962025,7.417721518987341,0.5668590068817139
2021-04-01,45,0,0.0466666666666666,0.86204,0.0912666666666666,41.54666666666667,5.093333333333334,0.5792919993400574
2021-04-03,46,0,0.0319871794871794,0.8675,0.1005128205128205,34.833333333333336,6.1923076923076925,0.5909150242805481
2021-04-05,47,0,0.0499390243902439,0.8469268292682925,0.103170731707317,56.52439024390244,4.817073170731708,0.9204729795455932
2021-04-07,48,0,0.0382857142857142,0.860935064935065,0.1007532467532467,92.6103896103896,9.07792207792208,0.917576014995575
2021-04-09,49,0,0.042076923076923,0.8607051282051282,0.0971923076923077,62.15384615384615,5.551282051282051,1.0208369493484497
2021-04-11,50,0,0.0266818181818181,0.8777954545454545,0.0955454545454545,82.48863636363636,9.5,1.3605300188064575
2021-04-13,51,0,0.0377303370786516,0.8583595505617978,0.1038988764044943,35.30337078651685,4.089887640449438,1.7940009832382202
2021-04-15,52,0,0.0491481481481481,0.8520740740740741,0.0988271604938271,39.65432098765432,6.493827160493828,1.7660670280456543
2021-04-17,53,0,0.0324647887323943,0.8706619718309859,0.0969014084507042,55.71830985915493,6.098591549295775,1.5600550174713137
2021-04-19,54,0,0.0344444444444444,0.8613086419753087,0.1042222222222222,104.1604938271605,21.62962962962963,1.3150440454483032
2021-04-21,55,0,0.0612666666666666,0.8491333333333334,0.0896133333333333,53.333333333333336,6.413333333333333,1.2964979410171509
2021-04-23,56,0,0.0511904761904761,0.8190238095238096,0.1298214285714285,85.47619047619048,12.416666666666666,1.169659972190857
2021-04-25,57,0,0.0517564102564102,0.8661923076923077,0.082051282051282,63.21794871794872,4.833333333333333,1.032256007194519
2021-04-27,58,0,0.0468,0.8703749999999999,0.082775,46.425,4.675,1.4009549617767334
2021-04-29,59,0,0.0464186046511627,0.8737674418604652,0.079813953488372,48.68604651162791,4.453488372093023,1.399359941482544
2021-05-01,60,0,0.0386891891891891,0.8806621621621621,0.0806351351351351,133.44594594594594,9.594594594594597,1.6510250568389893
2021-05-03,61,0,0.0574567901234567,0.8391604938271604,0.103395061728395,34.06172839506173,4.54320987654321,1.555994987487793
2021-05-05,62,0,0.0394814814814814,0.873567901234568,0.0869629629629629,54.04938271604938,7.54320987654321,1.6145119667053225
2021-05-07,63,1,0.0208749999999999,0.8671749999999999,0.111975,50.275,5.5,1.5817550420761108
2021-05-09,64,0,0.0439506172839506,0.8656913580246913,0.0903827160493827,81.1604938271605,10.962962962962964,1.5352929830551147
2021-05-11,65,0,0.0493975903614457,0.8727710843373494,0.0778433734939759,39.73493975903615,3.7951807228915664,1.4776819944381714
2021-05-13,66,0,0.0506363636363636,0.835935064935065,0.1134155844155844,73.83116883116882,8.077922077922079,1.3589099645614624
2021-05-15,67,0,0.0345609756097561,0.8742926829268294,0.0911341463414634,79.2439024390244,6.463414634146342,1.4858800172805786
2021-05-17,68,0,0.0539756097560975,0.8376951219512195,0.1083414634146341,105.15853658536584,13.890243902439025,1.4962999820709229
2021-05-19,69,0,0.0735444444444444,0.8264,0.1000888888888888,59.43333333333333,11.022222222222222,1.0703129768371582
2021-05-21,70,0,0.0556190476190476,0.8619642857142857,0.0824285714285714,59.833333333333336,5.142857142857143,1.0069760084152222
2021-05-23,71,0,0.0391866666666666,0.8616133333333332,0.0991466666666666,37.54666666666667,3.986666666666667,0.7970150113105774
2021-05-25,72,0,0.05132,0.83392,0.11472,57.06666666666667,6.266666666666667,0.976186990737915
2021-05-27,73,0,0.0419135802469135,0.8571481481481482,0.1009506172839506,40.72839506172839,5.209876543209877,0.970234990119934
2021-05-29,74,0,0.0421392405063291,0.8521392405063292,0.1057341772151898,44.86075949367088,7.0,0.8317880034446716
2021-05-31,75,0,0.0355057471264367,0.8520229885057472,0.1124597701149425,59.42528735632184,7.218390804597701,1.0465840101242063
2021-06-02,76,0,0.0381111111111111,0.8628472222222222,0.0990555555555555,89.80555555555556,16.194444444444443,1.024399995803833
2021-06-04,77,0,0.0438767123287671,0.8704794520547945,0.0856164383561643,157.46575342465752,25.12328767123288,0.970196008682251
2021-06-06,78,0,0.0464761904761904,0.8383928571428572,0.1151785714285714,82.86904761904762,10.821428571428571,0.945285975933075
2021-06-08,79,0,0.0565866666666666,0.8643733333333333,0.0790133333333333,79.84,8.973333333333333,0.8757879734039307
2021-06-10,80,0,0.0270416666666666,0.876263888888889,0.0967222222222222,78.83333333333333,10.069444444444445,0.8691819906234741
2021-06-12,81,0,0.0324324324324324,0.8948243243243243,0.0727162162162162,53.567567567567565,11.72972972972973,0.8326830267906189
2021-06-14,82,0,0.0621097560975609,0.8387317073170731,0.099170731707317,77.71951219512195,8.682926829268293,0.8928970098495483
2021-06-16,83,0,0.0373611111111111,0.8516944444444445,0.1109861111111111,97.04166666666669,7.416666666666667,0.8319079875946045
2021-06-18,84,0,0.0400136986301369,0.8627534246575342,0.0972465753424657,65.3013698630137,7.191780821917808,0.797648012638092
2021-06-20,85,0,0.0756944444444444,0.840013888888889,0.0842777777777777,72.0,8.958333333333334,0.7763770222663879
2021-06-22,86,0,0.0565243902439024,0.8396463414634147,0.1038414634146341,65.1219512195122,11.597560975609756,0.5450670123100281
2021-06-24,87,0,0.034581081081081,0.8779594594594594,0.0874459459459459,85.83783783783784,17.094594594594593,0.671999990940094
2021-06-26,88,0,0.0306049382716049,0.8662345679012347,0.1032098765432098,37.617283950617285,5.567901234567901,0.615435004234314
2021-06-28,89,0,0.0277108433734939,0.8775301204819277,0.0947710843373493,35.83132530120482,2.9518072289156625,0.643746018409729
2021-06-30,90,1,0.0331625,0.8382375,0.1286125,58.825,11.95,0.7063739895820618
2021-07-02,91,0,0.0337283950617283,0.8446543209876544,0.1216296296296296,97.8641975308642,13.197530864197532,0.6567630171775818
2021-07-04,92,0,0.0416463414634146,0.8691463414634146,0.0892195121951219,57.08536585365854,5.878048780487805,0.6949449777603149
2021-07-06,93,0,0.0388795180722891,0.8581325301204819,0.1029759036144578,58.795180722891565,5.481927710843373,0.6654019951820374
2021-07-08,94,0,0.0288333333333333,0.882952380952381,0.0882023809523809,57.17857142857143,6.059523809523809,0.623058021068573
2021-07-10,95,1,0.0331125,0.849475,0.1174125,46.075,8.7125,0.6254630088806152
2021-07-12,96,0,0.0371081081081081,0.8464459459459459,0.1164324324324324,50.21621621621622,3.8513513513513513,0.6301779747009277
2021-07-14,97,1,0.0221710526315789,0.8731184210526316,0.1047105263157894,30.0,3.736842105263158,0.6203240156173706
2021-07-16,98,1,0.0367941176470588,0.8488970588235294,0.1143235294117647,65.61764705882354,13.073529411764708,0.5907739996910095
2021-07-18,99,0,0.0362835820895522,0.8777462686567163,0.0859850746268656,39.11940298507463,3.626865671641791,0.5879219770431519
2021-07-20,100,0,0.0456756756756756,0.8629324324324325,0.0914054054054054,39.17808219178082,4.301369863013699,0.5293359756469727
2021-07-22,101,0,0.0235308641975308,0.9034814814814816,0.0729753086419753,94.46913580246914,19.98765432098765,0.5922060012817383
2021-07-24,102,1,0.0283055555555555,0.8599722222222222,0.1116944444444444,33.40277777777778,2.986111111111111,0.6098269820213318
2021-07-26,103,0,0.0417368421052631,0.85075,0.1075394736842105,24.56578947368421,4.973684210526316,0.6256179809570312
2021-07-28,104,0,0.0414938271604938,0.8734691358024692,0.085037037037037,60.07407407407408,7.197530864197531,0.7254449725151062
2021-07-30,105,0,0.0326891891891891,0.8757297297297297,0.091554054054054,51.148648648648646,5.283783783783784,0.7521190047264099
2021-08-01,106,0,0.0586463414634146,0.8484146341463413,0.0929512195121951,28.170731707317078,3.024390243902439,0.7259219884872437
2021-08-03,107,0,0.0458048780487804,0.8623170731707316,0.091890243902439,38.5,4.280487804878049,0.7127289772033691
2021-08-05,108,0,0.0482999999999999,0.8699875,0.081725,57.2375,5.5625,0.7331510186195374
2021-08-07,109,0,0.034,0.8473974358974358,0.118602564102564,58.01282051282051,6.743589743589744,0.8162810206413269
2021-08-09,110,0,0.0440617283950617,0.8436172839506173,0.1123456790123456,64.9753086419753,10.333333333333334,0.8185529708862305
2021-08-11,111,0,0.03875,0.8460000000000001,0.1152625,96.025,15.5125,1.0125240087509155
2021-08-13,112,0,0.0390459770114942,0.8692988505747127,0.0916321839080459,100.20689655172414,13.241379310344827,1.089959979057312
2021-08-15,113,0,0.0282682926829268,0.8550975609756097,0.1166463414634146,58.34146341463415,7.5,1.288159966468811
2021-08-17,114,0,0.0347625,0.8650249999999999,0.1002125,226.725,40.2375,1.0981990098953247
2021-08-19,115,0,0.0255625,0.8839124999999999,0.0905,74.075,6.5125,1.232841968536377
2021-08-21,116,0,0.039670731707317,0.8460243902439024,0.114280487804878,43.52439024390244,6.097560975609756,1.2164729833602903
2021-08-23,117,0,0.0326025641025641,0.8532564102564103,0.1140897435897436,67.7948717948718,13.948717948717947,1.2472699880599976
2021-08-25,118,0,0.0371466666666666,0.8657733333333333,0.09704,95.93333333333334,18.453333333333333,1.1725289821624756
2021-08-27,119,1,0.0291666666666666,0.8266944444444444,0.1441666666666666,81.31944444444444,6.763888888888889,1.1884729862213137
2021-08-29,120,0,0.0405066666666666,0.8562266666666667,0.1032933333333333,66.10666666666667,18.44,1.1408319473266602
2021-08-31,121,0,0.0467901234567901,0.8524938271604939,0.1007407407407407,50.19753086419753,6.716049382716049,1.1875929832458496
2021-09-02,122,0,0.0310975609756097,0.879109756097561,0.089780487804878,82.84146341463415,12.658536585365852,1.256324052810669
2021-09-04,123,0,0.0530121951219512,0.8602317073170732,0.0867439024390244,91.13414634146342,10.841463414634148,1.2557790279388428
2021-09-06,124,0,0.0372077922077922,0.8678831168831168,0.0949740259740259,75.14285714285714,10.402597402597404,1.3894129991531372
2021-09-08,125,0,0.0664074074074074,0.8458641975308642,0.087753086419753,68.24691358024691,10.197530864197532,1.1007200479507446
2021-09-10,126,0,0.0510632911392405,0.8521392405063292,0.0967974683544303,91.56962025316456,12.632911392405065,1.0572669506072998
2021-09-12,127,0,0.038525,0.8731500000000001,0.08835,91.7125,25.15,1.119636058807373
2021-09-14,128,0,0.0378875,0.8732625,0.088825,143.375,29.2375,1.0965739488601685
2021-09-16,129,0,0.0524642857142857,0.8455714285714286,0.1019404761904761,65.53571428571429,12.86904761904762,1.0914980173110962
2021-09-18,130,1,0.0197916666666666,0.8619583333333334,0.1182638888888888,78.41666666666667,16.444444444444443,1.0756679773330688
2021-09-20,131,0,0.0480987654320987,0.8575925925925927,0.0943086419753086,87.5925925925926,14.716049382716047,0.9171519875526428
2021-09-22,132,0,0.0253373493975903,0.8791566265060241,0.0955180722891566,99.51807228915662,10.602409638554215,1.0040760040283203
2021-09-24,133,0,0.0331038961038961,0.8846233766233766,0.0822337662337662,63.675324675324674,11.831168831168831,0.9459239840507508
2021-09-26,134,0,0.0457840909090909,0.865784090909091,0.0884318181818181,75.23863636363636,10.875,0.944720983505249
2021-09-28,135,0,0.0537631578947368,0.8432368421052632,0.1030394736842105,74.34210526315789,12.355263157894736,0.893688976764679
2021-09-30,136,0,0.0291285714285714,0.8871428571428571,0.0837285714285714,47.54285714285714,5.914285714285715,0.9526360034942628
2021-10-02,137,0,0.0409367088607594,0.8547721518987342,0.1043164556962025,71.53164556962025,16.544303797468356,1.0386749505996704
2021-10-04,138,1,0.0358157894736842,0.848907894736842,0.1152631578947368,124.25,44.8421052631579,1.043004035949707
2021-10-06,139,0,0.0403448275862068,0.8740689655172413,0.0855747126436781,70.83908045977012,26.93103448275862,1.0776560306549072
2021-10-08,140,0,0.0384883720930232,0.8641046511627907,0.097406976744186,64.67441860465117,16.58139534883721,1.0628910064697266
2021-10-10,141,0,0.0310609756097561,0.8796463414634146,0.0892682926829268,88.04878048780488,19.963414634146343,1.1384530067443848
2021-10-12,142,0,0.0371686746987951,0.8753614457831326,0.087433734939759,109.5421686746988,29.02409638554217,1.1018589735031128
2021-10-14,143,1,0.0272405063291139,0.8448987341772152,0.127873417721519,83.26582278481013,11.632911392405065,1.132315993309021
2021-10-16,144,0,0.0440958904109589,0.8489452054794521,0.106958904109589,51.42465753424658,6.178082191780822,1.1350959539413452
2021-10-18,145,0,0.0361234567901234,0.8591728395061728,0.104716049382716,127.25925925925924,18.08641975308642,1.0838420391082764
2021-10-20,146,0,0.0397012987012987,0.8794675324675324,0.0808311688311688,63.06493506493506,10.0,1.1423280239105225
2021-10-22,147,0,0.0409367088607594,0.8783924050632912,0.080632911392405,77.65822784810126,12.531645569620252,1.0883740186691284
2021-10-24,148,0,0.0402650602409638,0.8610843373493976,0.0986506024096385,73.10843373493977,11.096385542168674,1.0842829942703247
2021-10-26,149,0,0.0575657894736842,0.8585921052631579,0.083828947368421,79.42105263157895,9.789473684210526,1.108093023300171
2021-10-28,150,1,0.0402207792207792,0.8367662337662337,0.123038961038961,87.74025974025975,21.11688311688312,1.0588200092315674
2021-10-30,151,0,0.0478472222222222,0.8414444444444444,0.1106944444444444,69.15277777777777,10.125,1.0839489698410034
2021-11-01,152,1,0.0325135135135135,0.8590135135135135,0.1085,88.02702702702703,24.62162162162162,1.0928670167922974
2021-11-03,153,1,0.0311772151898734,0.8427215189873418,0.1261139240506329,119.54430379746836,30.848101265822784,1.2087960243225098
2021-11-05,154,0,0.0348701298701298,0.8662467532467532,0.0989090909090909,123.33766233766234,33.467532467532465,1.161532998085022
2021-11-07,155,0,0.0449302325581395,0.8457906976744186,0.1093255813953488,66.01162790697674,14.686046511627907,1.2175339460372925
2021-11-09,156,0,0.0293291139240506,0.8803164556962025,0.0903417721518987,93.29113924050633,19.696202531645568,1.258929967880249
2021-11-11,157,0,0.030578947368421,0.8826447368421053,0.0868157894736842,89.02631578947368,16.460526315789473,1.2183640003204346
2021-11-13,158,0,0.0323561643835616,0.8796575342465753,0.087986301369863,86.95890410958904,27.383561643835616,1.191938042640686
2021-11-15,159,0,0.0345662650602409,0.8865542168674699,0.0788915662650602,109.04819277108432,26.55421686746988,1.1713709831237793
2021-11-17,160,0,0.0448461538461538,0.8647179487179488,0.0904230769230769,48.85897435897436,18.307692307692307,1.096290946006775
2021-11-19,161,0,0.0390487804878048,0.8638780487804877,0.0970365853658536,71.8170731707317,20.48780487804878,1.0914920568466189
2021-11-21,162,1,0.0302162162162162,0.8403783783783784,0.1294054054054054,70.85135135135135,20.7972972972973,1.0601730346679688
2021-11-23,163,1,0.02625,0.8582000000000001,0.11555,91.5375,15.45,1.0670570135116575
2021-11-25,164,1,0.0300632911392405,0.8473544303797469,0.1225696202531645,47.063291139240505,9.354430379746836,1.0318880081176758
2021-11-27,165,0,0.0263194444444444,0.8824583333333333,0.0911944444444444,77.15277777777777,30.819444444444443,0.9471579790115356
2021-11-29,166,0,0.021527027027027,0.8668243243243243,0.1116756756756756,67.77027027027027,13.85135135135135,0.9919610023498536
2021-12-01,167,1,0.0292602739726027,0.874972602739726,0.0957534246575342,96.013698630137,21.315068493150687,0.9909300208091736
2021-12-03,168,0,0.0510138888888888,0.8427083333333333,0.1062916666666666,43.583333333333336,13.97222222222222,0.9222440123558044
2021-12-05,169,0,0.0413424657534246,0.8591780821917808,0.0994657534246575,42.32876712328767,8.616438356164384,0.8055949807167053
2021-12-07,170,0,0.033338028169014,0.882887323943662,0.0837887323943662,81.6056338028169,16.0,0.8185880184173584
2021-12-09,171,0,0.0429873417721518,0.8717848101265823,0.0852278481012658,97.49367088607596,19.088607594936708,0.8612719774246216
2021-12-11,172,0,0.0490365853658536,0.850219512195122,0.1007317073170731,81.70731707317073,11.609756097560975,0.8393129706382751
2021-12-13,173,0,0.0469466666666666,0.8569866666666667,0.09608,80.88,19.706666666666667,0.7828940153121948
2021-12-15,174,0,0.0404366197183098,0.8705774647887324,0.0889718309859154,102.22535211267606,24.12676056338028,0.8274310231208801
2021-12-17,175,0,0.0471081081081081,0.8594459459459459,0.0934324324324324,57.32432432432432,15.14864864864865,0.7992910146713257
2021-12-19,176,0,0.0333333333333333,0.8775061728395062,0.0891728395061728,88.58024691358025,13.62962962962963,0.8350329995155334
2021-12-21,177,0,0.0561627906976744,0.8012558139534884,0.142546511627907,74.84883720930233,8.918604651162791,0.9476460218429564
2021-12-23,178,1,0.0224722222222222,0.8494027777777778,0.1281388888888889,86.31944444444444,13.666666666666666,0.9932850003242492
2021-12-25,179,0,0.031,0.8485068493150685,0.1204931506849315,29.80821917808219,7.780821917808219,0.924818992614746
2021-12-27,180,1,0.0277142857142857,0.8476103896103897,0.1246883116883116,110.92207792207792,22.623376623376625,0.9261839985847472
2021-12-29,181,0,0.0223055555555555,0.8905972222222223,0.0871388888888888,175.02777777777777,58.61111111111112,0.8167139887809753
2021-12-30,182,0,0.0369393939393939,0.8639696969696969,0.0991212121212121,29.696969696969692,3.803030303030303,0.8396490216255188
